Question,Answer,Category
"Hi","Welcome to Neethling Care Chatbot! How can I assist you with information on Lumpy Skin Disease today?","Introductory Message"
"What are the symptoms of Lumpy Skin Disease?","Symptoms include fever, enlarged superficial lymph nodes, and multiple nodules on the skin.","Symptoms"
"How can Lumpy Skin Disease be prevented?","Vaccination is the most effective way to prevent Lumpy Skin Disease. In addition, controlling the insect vector population is crucial.","Prevention"
"What treatment is recommended for Lumpy Skin Disease?","Treatment includes supportive care, antibiotics to prevent secondary infections, and anti-inflammatory drugs to reduce pain and swelling.","Treatment"
"What are the stages of Lumpy Skin Disease?","The stages include the incubation period, febrile stage, eruptive stage, and recovery or chronic stage.","General Information"
"What should I do if my cow shows symptoms of Lumpy Skin Disease?","Isolate the affected animal, provide supportive care, and consult a veterinarian for appropriate treatment and management.","Prevention"
"What causes Lumpy Skin Disease?","Lumpy Skin Disease is caused by the Lumpy Skin Disease Virus (LSDV), a member of the Capripoxvirus genus.","General Information"
"How is Lumpy Skin Disease transmitted?","The disease is primarily spread through biting insects such as mosquitoes, flies, and ticks. Direct contact with infected animals can also spread the disease.","General Information"
"What is the mortality rate of Lumpy Skin Disease?","The mortality rate is generally low, but the disease can cause significant economic losses due to decreased milk production, weight loss, and hide damage.","General Information"
"Can Lumpy Skin Disease affect humans?","No, Lumpy Skin Disease is not zoonotic and does not affect humans.","General Information"
"What are the complications of Lumpy Skin Disease?","Complications can include severe weight loss, secondary bacterial infections, and sometimes death in severe cases.","Symptoms"
"What vaccines are available for Lumpy Skin Disease?","Live attenuated vaccines are commonly used to protect cattle against Lumpy Skin Disease.","Prevention"
"How long does it take for a cow to recover from Lumpy Skin Disease?","Recovery time can vary, but it generally takes several weeks to months, depending on the severity of the infection and the treatment provided.","Treatment"
"What supportive care is needed for a cow with Lumpy Skin Disease?","Supportive care includes providing clean water, high-quality feed, and maintaining good hygiene to prevent secondary infections.","Treatment"
"How can insect vectors be controlled to prevent Lumpy Skin Disease?","Insect control measures include using insect repellents, insecticide-treated nets, and environmental management to reduce breeding sites.","Prevention"
"Is there a specific season when Lumpy Skin Disease is more prevalent?","Lumpy Skin Disease outbreaks are often more common in the wet season when insect vector populations are higher.","General Information"
"Can Lumpy Skin Disease cause economic losses?","Yes, Lumpy Skin Disease can cause significant economic losses due to decreased milk production, weight loss, and hide damage.","General Information"
"Are there any specific breeds that are more susceptible to Lumpy Skin Disease?","All cattle breeds can be affected, but Bos taurus breeds tend to show more severe clinical signs than Bos indicus breeds.","General Information"
"Can recovered cattle develop immunity to Lumpy Skin Disease?","Yes, cattle that recover from Lumpy Skin Disease usually develop immunity and are less likely to be reinfected.","General Information"
"How can farmers reduce the risk of Lumpy Skin Disease?","Farmers can reduce the risk by vaccinating their cattle, implementing insect control measures, and avoiding the movement of cattle from infected areas.","Prevention"
"What are the long-term effects of Lumpy Skin Disease on cattle?","Long-term effects can include chronic skin lesions, decreased milk production, and poor growth rates.","Symptoms"
"Is there any specific diagnostic test for Lumpy Skin Disease?","Yes, PCR (Polymerase Chain Reaction) tests are commonly used to diagnose Lumpy Skin Disease by detecting the viral DNA.","General Information"
"What is the incubation period of Lumpy Skin Disease?","The incubation period typically ranges from 4 to 14 days after exposure to the virus.","General Information"
"Can Lumpy Skin Disease recur in cattle?","Recurrence of Lumpy Skin Disease is rare in cattle once they have recovered and developed immunity to the virus.","General Information"
"Are there any age-related differences in susceptibility to Lumpy Skin Disease?","Lumpy Skin Disease can affect cattle of all ages, but younger animals may show more severe clinical signs.","General Information"
"How can I differentiate Lumpy Skin Disease from other skin conditions in cattle?","A veterinarian can perform diagnostic tests and examinations to differentiate Lumpy Skin Disease from other skin conditions based on clinical signs and laboratory results.","General Information"
"Can Lumpy Skin Disease affect cattle productivity?","Yes, Lumpy Skin Disease can significantly impact cattle productivity by reducing milk production, causing weight loss, and affecting overall health.","General Information"
"Is there a specific protocol for the disposal of infected animals with Lumpy Skin Disease?","Yes, infected animals should be humanely euthanized, and proper disposal methods should be followed to prevent the spread of the virus.","Prevention"
"Are there any geographical areas where Lumpy Skin Disease is more prevalent?","Lumpy Skin Disease can occur in various geographical regions, especially in areas with warm climates and suitable insect vectors.","General Information"
"What is the role of insect vectors in the transmission of Lumpy Skin Disease?","Insect vectors such as mosquitoes, flies, and ticks play a crucial role in transmitting Lumpy Skin Disease by acting as carriers of the virus from infected to susceptible animals.","General Information"
"What is the typical duration of the febrile stage in Lumpy Skin Disease?","The febrile stage of Lumpy Skin Disease usually lasts for 2 to 5 days and is characterized by fever and other systemic signs of illness in infected cattle.","General Information"
"What measures can be taken to control the spread of Lumpy Skin Disease within a herd?","Implementing quarantine procedures, isolating affected animals, and maintaining strict biosecurity measures can help prevent the spread of Lumpy Skin Disease within a herd.","Prevention"
"Is there any specific protocol for the disinfection of premises contaminated with Lumpy Skin Disease virus?","Yes, thorough cleaning and disinfection of contaminated premises with appropriate disinfectants are essential to reduce the risk of disease transmission.","Prevention"
"Can Lumpy Skin Disease lead to permanent damage to cattle?","In severe cases, Lumpy Skin Disease can lead to permanent scarring and damage to the skin, affecting the overall health and productivity of the affected cattle.","Symptoms"
"What is the role of quarantine in the management of Lumpy Skin Disease outbreaks?","Quarantine helps prevent the spread of Lumpy Skin Disease by restricting the movement of infected or potentially exposed animals, thereby reducing the risk of transmission to other herds.","Prevention"
"Is there any specific protocol for the disposal of carcasses of animals that died from Lumpy Skin Disease?","Yes, carcasses of animals that died from Lumpy Skin Disease should be disposed of properly to prevent scavenging by other animals and minimize environmental contamination. Incineration or burial in deep pits are commonly used disposal methods.","Prevention"
"What is the economic impact of Lumpy Skin Disease on the livestock industry?","Lumpy Skin Disease can have significant economic implications for the livestock industry due to decreased productivity, treatment costs, and trade restrictions imposed in affected areas.","General Information"
"Are there any environmental factors that can influence the transmission of Lumpy Skin Disease?","Environmental factors such as temperature, humidity, and the presence of suitable breeding sites for insect vectors can influence the transmission dynamics of Lumpy Skin Disease within a particular area.","General Information"
"Can Lumpy Skin Disease be transmitted through contaminated feed or water?","Although uncommon, Lumpy Skin Disease can potentially be transmitted through contaminated feed or water if it comes into contact with secretions or excretions from infected animals.","General Information"
"Is there any specific protocol for the cleaning and disinfection of equipment used in the care of cattle with Lumpy Skin Disease?","Yes, equipment used in the care of cattle with Lumpy Skin Disease should be thoroughly cleaned and disinfected between uses to prevent cross-contamination and further spread of the virus.","Prevention"
"Can Lumpy Skin Disease cause abortion in pregnant cattle?","Yes, Lumpy Skin Disease can lead to abortion in pregnant cattle, especially if the infection occurs during the early stages of gestation.","Symptoms"
"Is there any specific protocol for the vaccination of cattle against Lumpy Skin Disease?","Yes, vaccination protocols may vary depending on the vaccine type and manufacturer's recommendations. It's essential to follow the instructions provided by the vaccine manufacturer and consult with a veterinarian for proper vaccination protocols.","Prevention"
"Can Lumpy Skin Disease be transmitted vertically from cow to calf?","Yes, Lumpy Skin Disease can be transmitted vertically from cow to calf during pregnancy or through infected colostrum and milk after birth.","General Information"
"Are there any alternative methods for controlling Lumpy Skin Disease in cattle?","In addition to vaccination and insect control measures, implementing good management practices such as proper nutrition, sanitation, and herd health monitoring can help control Lumpy Skin Disease in cattle.","Prevention"
"Is there any specific protocol for the disposal of materials contaminated with blood or secretions from cattle with Lumpy Skin Disease?","Yes, materials contaminated with blood or secretions from cattle with Lumpy Skin Disease should be treated as biohazardous waste and disposed of following appropriate biosecurity and waste management protocols.","Prevention"
"Can Lumpy Skin Disease cause lameness in affected cattle?","Yes, Lumpy Skin Disease can cause lameness in affected cattle, especially if the nodules develop on the feet or lower limbs, leading to pain and difficulty in movement.","Symptoms"
"Is there any specific protocol for the management of cattle with chronic Lumpy Skin Disease lesions?","Yes, managing cattle with chronic Lumpy Skin Disease lesions involves regular monitoring, wound care, and providing appropriate pain relief and supportive therapy to improve the animal's welfare and prevent secondary infections.","Treatment"
